component,type,name,weight
1,light_regime,1min-1min,0.0
1,light_regime,30s-30s,1.0
1,light_regime,20h_HL,0.0
1,light_regime,20h_ML,0.0
1,light_regime,2h-2h,0.0
1,light_regime,10min-10min,0.0
1,light_regime,5min-5min,0.0
1,light_regime,1min-5min,0.0
1,gene,Cre01.g008200,0.0063071785698224
1,gene,Cre01.g012150,0.0593832319610933
1,gene,Cre01.g012650,0.0877527941181872
1,gene,Cre01.g015200,0.0273906096542524
1,gene,Cre01.g016556,0.0097026192958587
1,gene,Cre01.g017200,0.0131431937973844
1,gene,Cre01.g018700,0.0165505800208068
1,gene,Cre01.g019550,0.0106714841743555
1,gene,Cre01.g019750,0.0231677684374108
1,gene,Cre01.g019850,0.0008387143998738
1,gene,Cre01.g022900,0.0104206473400041
1,gene,Cre01.g024800,0.0502575820372419
1,gene,Cre01.g025400,0.1019952090077919
1,gene,Cre01.g025450,0.0014563763858461
1,gene,Cre01.g025500,0.0014563763858461
1,gene,Cre01.g032850,0.0541520125119796
1,gene,Cre01.g033450,0.0072812539369625
1,gene,Cre01.g033700,0.0008488974287126
1,gene,Cre01.g034150,0.023415741143297
1,gene,Cre01.g034500,0.0355649165374958
1,gene,Cre01.g036100,0.0661577937255091
1,gene,Cre01.g039550,0.0383619509206328
1,gene,Cre01.g040250,0.007881979499939
1,gene,Cre01.g045500,0.0043225352567248
1,gene,Cre01.g049900,0.0070763817300733
1,gene,Cre01.g055000,0.069753304006649
1,gene,Cre01.g064727,0.0082678705223968
1,gene,Cre02.g076200,0.0161756899749588
1,gene,Cre02.g095058,0.0528842302740963
1,gene,Cre02.g095081,0.1210328472662169
1,gene,Cre02.g095115,0.2287547275913242
1,gene,Cre02.g095125,0.0008367171641323
1,gene,Cre02.g095126,0.0663284325352719
1,gene,Cre02.g095137,0.0461348914816611
1,gene,Cre02.g098350,0.0179983290034788
1,gene,Cre02.g105150,0.0181953965630705
1,gene,Cre02.g108500,0.0611329767411195
1,gene,Cre02.g113500,0.040938987208102
1,gene,Cre02.g113850,0.0152584493748547
1,gene,Cre02.g119050,0.0017534026682873
1,gene,Cre02.g119100,0.0010168249490672
1,gene,Cre03.g153400,0.0083685122294313
1,gene,Cre03.g165000,0.039318690933632
1,gene,Cre03.g168900,0.025350561916069
1,gene,Cre03.g183150,0.0112232309002966
1,gene,Cre03.g185500,0.0275995642593758
1,gene,Cre03.g191250,0.0123073268400085
1,gene,Cre03.g191850,0.0081771283101307
1,gene,Cre03.g192550,0.0520864087837904
1,gene,Cre03.g197750,0.0125423896720011
1,gene,Cre03.g206202,0.0046646969290345
1,gene,Cre04.g213652,0.2031994191434358
1,gene,Cre04.g214501,0.1412598876918783
1,gene,Cre04.g215800,0.0578918041149834
1,gene,Cre04.g219700,0.0552164843350315
1,gene,Cre04.g224150,0.0393534419396783
1,gene,Cre04.g229163,0.3033256481771631
1,gene,Cre05.g236100,0.0463241601634572
1,gene,Cre05.g243802,0.0439598161402015
1,gene,Cre05.g245351,0.0998918258649023
1,gene,Cre05.g248250,0.2687231525595596
1,gene,Cre06.g251050,0.0198808169129521
1,gene,Cre06.g256300,0.0227952184886987
1,gene,Cre06.g257600,0.0189779839655535
1,gene,Cre06.g259950,0.0172891840356537
1,gene,Cre06.g260550,0.004865953859811
1,gene,Cre06.g269801,0.0136419120068532
1,gene,Cre06.g270450,0.0209080238025335
1,gene,Cre06.g274400,0.0555458652347359
1,gene,Cre06.g278119,0.0004918349733336
1,gene,Cre06.g278120,0.0004918349733336
1,gene,Cre06.g278187,0.0005153822132892
1,gene,Cre06.g278195,0.019540079611785
1,gene,Cre06.g278219,0.0135630633828273
1,gene,Cre06.g278235,0.0079219678446626
1,gene,Cre06.g285900,0.029998182179445
1,gene,Cre06.g295050,0.0659315144516397
1,gene,Cre06.g295600,0.0111343091180959
1,gene,Cre06.g298500,0.0045906943863422
1,gene,Cre06.g302250,0.0215530423933449
1,gene,Cre07.g314800,0.0116752778202905
1,gene,Cre07.g317450,0.0338201129523818
1,gene,Cre07.g323450,0.039758622730711
1,gene,Cre07.g326800,0.0210768100391888
1,gene,Cre07.g330200,0.0044261023047329
1,gene,Cre07.g332300,0.0021962495682221
1,gene,Cre07.g334950,0.0197636924173691
1,gene,Cre07.g337582,0.0043371389359363
1,gene,Cre07.g339104,0.0095268888824788
1,gene,Cre07.g352950,0.0007031885088748
1,gene,Cre07.g355650,0.0301080149500855
1,gene,Cre07.g356850,0.0364567789363578
1,gene,Cre08.g358568,0.015848598864957
1,gene,Cre08.g358571,0.1706405078854151
1,gene,Cre08.g362000,0.0046059761027943
1,gene,Cre08.g367350,0.0882220620987081
1,gene,Cre08.g372100,0.0422742727875594
1,gene,Cre08.g374250,0.0338220187574457
1,gene,Cre08.g374450,0.0088010552558825
1,gene,Cre08.g382620,0.0321805653126747
1,gene,Cre09.g386850,0.1523946455962504
1,gene,Cre09.g388050,0.01366437274974
1,gene,Cre09.g389578,0.0066259715137409
1,gene,Cre09.g389912,0.047581415831336
1,gene,Cre09.g390541,0.0196867101143102
1,gene,Cre09.g392650,0.019537204701574
1,gene,Cre09.g393000,0.1424381582321043
1,gene,Cre09.g396028,0.0488673828240134
1,gene,Cre09.g397216,0.0059362492353687
1,gene,Cre09.g398200,0.0112811635180941
1,gene,Cre09.g399663,0.0486240603641324
1,gene,Cre09.g400849,0.0365900418824825
1,gene,Cre09.g407150,0.027116240058346
1,gene,Cre09.g412150,0.05861088691199
1,gene,Cre09.g412600,0.0714885296332549
1,gene,Cre09.g413850,0.0224925461382529
1,gene,Cre10.g425100,0.0206261357146561
1,gene,Cre10.g430200,0.046825168380371
1,gene,Cre10.g431250,0.000351463706731
1,gene,Cre10.g432600,0.0046909279627934
1,gene,Cre10.g436000,0.044835047186886
1,gene,Cre10.g437300,0.0264969228765292
1,gene,Cre10.g441150,0.0033337146299497
1,gene,Cre10.g445000,0.0096125723004594
1,gene,Cre10.g445800,0.0476509143919254
1,gene,Cre10.g447350,0.021412890786191
1,gene,Cre10.g451752,0.0169607004642755
1,gene,Cre10.g465300,0.0358594420492756
1,gene,Cre10.g465650,0.0081417206372423
1,gene,Cre11.g467610,0.0040262380685047
1,gene,Cre11.g467742,0.017347931216565
1,gene,Cre11.g476050,0.0164120055389784
1,gene,Cre11.g482101,0.0172714194576505
1,gene,Cre12.g488850,0.0083173959129733
1,gene,Cre12.g489250,0.0096862323047005
1,gene,Cre12.g489300,0.0096862323047005
1,gene,Cre12.g489500,0.0131402607597053
1,gene,Cre12.g493050,0.0146777644887433
1,gene,Cre12.g495175,0.002198395286667
1,gene,Cre12.g495250,0.0252173868540376
1,gene,Cre12.g496900,0.0066598003557553
1,gene,Cre12.g503500,0.0182975849324383
1,gene,Cre12.g507051,0.0035092080306425
1,gene,Cre12.g516450,0.0003942893338612
1,gene,Cre12.g522700,0.0324380526683908
1,gene,Cre12.g529100,0.0195669466644063
1,gene,Cre12.g530050,0.0029302700479448
1,gene,Cre12.g531900,0.5190745255729905
1,gene,Cre12.g535050,0.0256947273268684
1,gene,Cre12.g552600,0.0020862439043707
1,gene,Cre12.g554100,0.0776361359474346
1,gene,Cre12.g554400,0.01048636287543
1,gene,Cre13.g565150,0.3297610646070049
1,gene,Cre13.g580150,0.0348413433108643
1,gene,Cre13.g582476,0.0041380803817361
1,gene,Cre13.g586916,0.0444808289186283
1,gene,Cre13.g587950,0.0033337146299497
1,gene,Cre13.g588959,0.0105450145827349
1,gene,Cre13.g589300,0.0217228732105041
1,gene,Cre13.g589350,0.0170536960640234
1,gene,Cre13.g591501,0.083010828517031
1,gene,Cre13.g592100,0.0261218814917894
1,gene,Cre13.g602700,0.0524267577258037
1,gene,Cre13.g606250,0.0200151105977383
1,gene,Cre13.g607300,0.0831031681970751
1,gene,Cre14.g613652,0.0109413054347791
1,gene,Cre14.g616376,0.0647633151904891
1,gene,Cre14.g626350,0.0040350247279534
1,gene,Cre14.g632750,0.002135414687018
1,gene,Cre15.g635350,0.0167557930052015
1,gene,Cre15.g635376,0.0167557930052015
1,gene,Cre15.g635800,0.0795121769278145
1,gene,Cre16.g648750,0.1753824465582685
1,gene,Cre16.g656950,0.0147161373653044
1,gene,Cre16.g661200,0.0021046022369972
1,gene,Cre16.g667900,0.0167706421505079
1,gene,Cre16.g668250,0.0034361250212431
1,gene,Cre16.g685451,0.0318223673506174
1,gene,Cre16.g688350,0.0633156620263884
1,gene,Cre16.g688750,0.0020963720398092
1,gene,Cre17.g698550,0.0061631712839766
1,gene,Cre17.g704400,0.000855314244046
1,gene,Cre17.g709900,0.0076673762651924
1,gene,Cre17.g710000,0.0083873289121882
1,gene,Cre17.g710300,0.0326320174590755
1,gene,Cre17.g720261,0.0032780900284924
1,gene,Cre17.g723950,0.0152275095727076
1,gene,Cre17.g724450,0.1695840499903931
1,gene,Cre17.g741200,0.0035803378154902
1,gene,Cre17.g744997,0.0218400210357933
1,gene,Cre17.g745097,0.0264229868026277
1,gene,unknown_chrom,0.0085147204558064
2,light_regime,1min-1min,0.0
2,light_regime,30s-30s,0.0
2,light_regime,20h_HL,0.0
2,light_regime,20h_ML,1.0
2,light_regime,2h-2h,0.0
2,light_regime,10min-10min,0.0
2,light_regime,5min-5min,0.0
2,light_regime,1min-5min,0.0
2,gene,Cre01.g003650,0.0119489510799368
2,gene,Cre01.g012150,0.0714036271054112
2,gene,Cre01.g016556,0.051903651666167
2,gene,Cre01.g022650,0.1850544652667299
2,gene,Cre01.g025400,0.0445617988732112
2,gene,Cre01.g038151,0.0684186453973352
2,gene,Cre01.g039550,0.1211803535400968
2,gene,Cre01.g040250,0.0171426984584593
2,gene,Cre02.g089237,0.0743593316372444
2,gene,Cre02.g090100,0.0613164304001893
2,gene,Cre02.g093300,0.1048870067984076
2,gene,Cre02.g095076,0.1582687163288856
2,gene,Cre02.g095081,0.0542231929514596
2,gene,Cre02.g103400,0.0482656686542548
2,gene,Cre02.g119050,0.0645344833024746
2,gene,Cre03.g149250,0.0032499948760121
2,gene,Cre04.g213652,0.0519430906457233
2,gene,Cre04.g214501,0.1433215922836326
2,gene,Cre04.g215150,0.0681970081277197
2,gene,Cre04.g216050,0.209559520925449
2,gene,Cre04.g216850,0.0425700617437966
2,gene,Cre05.g236100,0.1188477911107933
2,gene,Cre05.g245351,0.1732775841991592
2,gene,Cre05.g248250,0.1543408704914129
2,gene,Cre06.g251050,0.1161885212337016
2,gene,Cre06.g256300,0.1332972647188778
2,gene,Cre06.g263357,0.0899595779934773
2,gene,Cre06.g275950,0.1984238635106328
2,gene,Cre06.g278093,0.0243970089866664
2,gene,Cre06.g278195,0.0132240047117998
2,gene,Cre06.g278251,0.0355742155579634
2,gene,Cre06.g281050,0.1798840315914942
2,gene,Cre07.g315850,0.0633946100482998
2,gene,Cre07.g329300,0.0227823258798391
2,gene,Cre07.g339900,0.014466140208497
2,gene,Cre07.g352250,0.0474703634667504
2,gene,Cre08.g358571,0.0640195846228706
2,gene,Cre08.g372100,0.0075144114683605
2,gene,Cre08.g374450,0.0414294735208887
2,gene,Cre09.g386850,0.0496596357709394
2,gene,Cre09.g387400,0.0050323106166546
2,gene,Cre09.g392867,0.0214521899977945
2,gene,Cre09.g397734,0.0234779568108698
2,gene,Cre09.g399663,0.0264616216988424
2,gene,Cre09.g400849,0.0635880540129869
2,gene,Cre09.g412600,0.0423979044617438
2,gene,Cre10.g427550,0.0356301158797941
2,gene,Cre10.g428600,0.0180235191970841
2,gene,Cre10.g431250,0.0076915564219682
2,gene,Cre10.g432600,0.0222124868500471
2,gene,Cre10.g433100,0.2440942793760611
2,gene,Cre10.g434850,0.0836838380927022
2,gene,Cre10.g436000,0.1375667133409963
2,gene,Cre10.g436150,0.2376410376572638
2,gene,Cre10.g436200,0.2376410376572638
2,gene,Cre10.g438750,0.0821039588641375
2,gene,Cre10.g438783,0.0004185229696643
2,gene,Cre10.g445800,0.0268711367089425
2,gene,Cre10.g451752,0.2188558021693265
2,gene,Cre10.g453050,0.0072189507875118
2,gene,Cre10.g453900,0.0743001416204843
2,gene,Cre10.g461700,0.2033216312268248
2,gene,Cre11.g467690,0.0963255465467913
2,gene,Cre11.g467741,0.0751036300506104
2,gene,Cre11.g467756,0.0474718537060801
2,gene,Cre12.g488400,0.0572656078854584
2,gene,Cre12.g489250,0.2276918079995489
2,gene,Cre12.g489300,0.2276918079995489
2,gene,Cre12.g495250,0.0099639004732106
2,gene,Cre12.g535050,0.0345760964090532
2,gene,Cre12.g538550,0.0321901697802989
2,gene,Cre12.g538850,0.0803651387673677
2,gene,Cre12.g554400,0.0599749191489687
2,gene,Cre13.g565150,0.016068317271236
2,gene,Cre13.g573150,0.0124200475799836
2,gene,Cre13.g573450,0.0399403348413928
2,gene,Cre13.g573500,0.0678745150122374
2,gene,Cre13.g581850,0.0427746860155416
2,gene,Cre13.g581900,0.0427746860155416
2,gene,Cre13.g588150,0.0283289942423925
2,gene,Cre13.g588950,0.0101981427923208
2,gene,Cre13.g602700,0.0749026083013855
2,gene,Cre14.g626350,0.0122736597552209
2,gene,Cre14.g626400,0.0256263507923839
2,gene,Cre16.g657450,0.0119489510799368
2,gene,Cre16.g664400,0.0348442968564614
2,gene,Cre16.g667900,0.0403111188948792
2,gene,Cre16.g676869,0.122116242589918
2,gene,Cre16.g683350,0.0826865362047462
2,gene,Cre16.g685451,0.2494339261193213
2,gene,Cre17.g716400,0.0496001305336177
2,gene,Cre17.g717200,0.0696662900078756
2,gene,Cre17.g741200,0.0023555922610894
2,gene,Cre17.g746397,0.2280109230577675
2,gene,Cre24.g755447,0.014096186389729
2,gene,Cre24.g755747,0.0174054799818481
3,light_regime,1min-1min,0.0
3,light_regime,30s-30s,0.0
3,light_regime,20h_HL,1.0
3,light_regime,20h_ML,0.0
3,light_regime,2h-2h,0.0
3,light_regime,10min-10min,0.0
3,light_regime,5min-5min,0.0
3,light_regime,1min-5min,0.0
3,gene,Cre01.g012150,0.0150408074125107
3,gene,Cre01.g012850,0.0088654127633982
3,gene,Cre01.g021550,0.0808990903447443
3,gene,Cre01.g030750,0.0728600523430206
3,gene,Cre01.g032850,0.007179029800158
3,gene,Cre02.g076987,0.0419577042325615
3,gene,Cre02.g080900,0.0371099709683318
3,gene,Cre02.g089237,0.0253129395262376
3,gene,Cre02.g090100,0.0264590331637138
3,gene,Cre02.g095058,0.0317406670803645
3,gene,Cre02.g095081,0.1079174899847609
3,gene,Cre02.g095115,0.1720949651268028
3,gene,Cre02.g095137,0.0642745072529628
3,gene,Cre02.g098750,0.0424179749595694
3,gene,Cre02.g108500,0.1173840789048627
3,gene,Cre03.g153400,0.0879216012451204
3,gene,Cre03.g174200,0.0099091882486369
3,gene,Cre03.g176961,0.1160484335947151
3,gene,Cre03.g183150,0.0655922064656902
3,gene,Cre03.g203150,0.0846031093483993
3,gene,Cre03.g205428,0.0013201767546142
3,gene,Cre04.g213652,0.3083465630511907
3,gene,Cre04.g215800,0.136416400935031
3,gene,Cre04.g217935,0.0831485636858853
3,gene,Cre04.g222600,0.0026631388622238
3,gene,Cre04.g224200,0.0183237082617775
3,gene,Cre04.g224700,0.0453354630866808
3,gene,Cre04.g229163,0.2256774093238102
3,gene,Cre05.g236000,0.1866960792378205
3,gene,Cre05.g243802,0.0072275747631574
3,gene,Cre05.g248250,0.1654767046185695
3,gene,Cre06.g251050,0.071163840001183
3,gene,Cre06.g256300,0.0654202322997439
3,gene,Cre06.g274400,0.1304541176262354
3,gene,Cre06.g278251,0.0379902761565792
3,gene,Cre06.g295050,0.1112203399852277
3,gene,Cre07.g315850,0.0018014080947532
3,gene,Cre07.g322350,0.0900662250644609
3,gene,Cre07.g323450,0.0800180395703123
3,gene,Cre07.g325715,0.0696726036406673
3,gene,Cre07.g325754,0.0510308708186396
3,gene,Cre07.g325762,0.0046479422816493
3,gene,Cre07.g332300,0.0478694498300398
3,gene,Cre07.g340400,0.0257365097132302
3,gene,Cre07.g341900,0.0222499656584461
3,gene,Cre07.g352250,0.0094770040119288
3,gene,Cre07.g356850,0.0802722002516844
3,gene,Cre08.g358568,0.0430144171708144
3,gene,Cre08.g358571,0.1631066874709678
3,gene,Cre08.g367350,0.0866256145515786
3,gene,Cre08.g372100,0.0332663511294822
3,gene,Cre08.g374250,0.090955112289256
3,gene,Cre09.g387949,0.1908222171420922
3,gene,Cre09.g389912,0.0144725606424364
3,gene,Cre09.g393000,0.1451997737692048
3,gene,Cre09.g397216,0.0255193662860649
3,gene,Cre09.g397734,0.0471229877221485
3,gene,Cre09.g403293,0.0728600523430206
3,gene,Cre09.g412150,0.0304344918878035
3,gene,Cre10.g430900,0.0127714681049281
3,gene,Cre10.g431250,0.1018764450724498
3,gene,Cre10.g432600,0.0208243379423418
3,gene,Cre10.g436000,0.0147325241509034
3,gene,Cre10.g436150,0.1678428856022467
3,gene,Cre10.g436200,0.1678428856022467
3,gene,Cre10.g437300,0.1125163576782484
3,gene,Cre10.g445800,0.0883672025337053
3,gene,Cre10.g453050,0.0269912557306587
3,gene,Cre10.g453900,0.0045349587065959
3,gene,Cre10.g461700,0.0483053493870135
3,gene,Cre10.g463500,0.0071127176617498
3,gene,Cre10.g463550,0.0071127176617498
3,gene,Cre10.g465300,0.0255936921715764
3,gene,Cre11.g467566,0.1493789364695661
3,gene,Cre11.g467567,0.1493789364695661
3,gene,Cre11.g467742,0.0820377262286821
3,gene,Cre11.g467756,0.0081729164792456
3,gene,Cre12.g493050,0.0072667401178608
3,gene,Cre12.g495250,0.0301599612367211
3,gene,Cre12.g531900,0.1261665721431882
3,gene,Cre12.g538200,0.0251024891550006
3,gene,Cre12.g550800,0.0160720955510221
3,gene,Cre12.g554100,0.2962560629839106
3,gene,Cre13.g565150,0.2268921456266475
3,gene,Cre13.g586916,0.0050629432927044
3,gene,Cre13.g588150,0.0245630235313253
3,gene,Cre13.g589450,0.0072032265249691
3,gene,Cre13.g591501,0.040473655521355
3,gene,Cre13.g592100,0.164689048584373
3,gene,Cre13.g606250,0.0015494724964529
3,gene,Cre13.g607300,0.0968960624551903
3,gene,Cre14.g613652,0.2184153911556175
3,gene,Cre14.g621800,0.0318733556853767
3,gene,Cre14.g626400,0.0217892182439875
3,gene,Cre15.g640101,0.0538069172084782
3,gene,Cre16.g648750,0.0065779817451011
3,gene,Cre16.g661200,0.0458404130636368
3,gene,Cre16.g685451,0.0563348951387657
3,gene,Cre16.g688350,0.2608686550233405
3,gene,Cre17.g704400,0.0128910131657329
3,gene,Cre17.g730950,0.05748609719123
4,light_regime,1min-1min,0.0
4,light_regime,30s-30s,0.0
4,light_regime,20h_HL,0.0
4,light_regime,20h_ML,0.0
4,light_regime,2h-2h,1.0
4,light_regime,10min-10min,0.0
4,light_regime,5min-5min,0.0
4,light_regime,1min-5min,0.0
4,gene,Cre01.g011901,0.002333851428738
4,gene,Cre01.g012150,0.1117170787621536
4,gene,Cre01.g012850,0.0172930212559589
4,gene,Cre01.g017200,0.0142570508209754
4,gene,Cre01.g021550,0.0725600279043563
4,gene,Cre01.g025400,0.0026431429997009
4,gene,Cre01.g039550,0.0613439150771201
4,gene,Cre01.g064727,0.0692713111266652
4,gene,Cre02.g093300,0.1846438556405185
4,gene,Cre02.g095063,0.0387572632095668
4,gene,Cre02.g095076,0.0307727251929366
4,gene,Cre02.g095081,0.3746517403044299
4,gene,Cre02.g095115,0.0872083847148578
4,gene,Cre02.g108500,0.1438737882600424
4,gene,Cre02.g112250,0.0240840411808762
4,gene,Cre02.g146300,0.0457769733770842
4,gene,Cre03.g153400,0.0694244946889837
4,gene,Cre03.g176961,0.0745496188882606
4,gene,Cre03.g192450,0.0220362865325181
4,gene,Cre03.g203150,0.0549957610278317
4,gene,Cre04.g213652,0.2633180468612754
4,gene,Cre04.g214501,0.0579450735221208
4,gene,Cre04.g215800,0.1105585297003973
4,gene,Cre04.g216050,0.0342406007963826
4,gene,Cre04.g219700,0.0149344296358834
4,gene,Cre04.g222600,0.0099177066662091
4,gene,Cre04.g224150,0.0102380806858859
4,gene,Cre04.g229163,0.2492198676758842
4,gene,Cre05.g236000,0.1095058173697311
4,gene,Cre05.g243802,0.0007741607608234
4,gene,Cre05.g245351,0.0688890154316384
4,gene,Cre05.g248250,0.2998448707135666
4,gene,Cre06.g251050,0.0770932840580534
4,gene,Cre06.g256300,0.0321655116480858
4,gene,Cre06.g269801,0.0129531396679057
4,gene,Cre06.g274400,0.0468754087131285
4,gene,Cre06.g278093,0.0371042154940629
4,gene,Cre06.g278111,0.0353893738263817
4,gene,Cre06.g278177,0.0033475712347609
4,gene,Cre06.g278251,0.0925248751425132
4,gene,Cre06.g285900,0.0246700268772347
4,gene,Cre06.g295050,0.1369548624315344
4,gene,Cre07.g325715,0.0339559590635934
4,gene,Cre07.g329750,0.0402133162647382
4,gene,Cre07.g332300,0.0519669022431171
4,gene,Cre07.g350250,0.0113965885740096
4,gene,Cre08.g358571,0.2182895683646162
4,gene,Cre08.g367350,0.0408085852590059
4,gene,Cre08.g374250,0.0154794382394213
4,gene,Cre09.g386850,0.0762174060955627
4,gene,Cre09.g387949,0.1048536005564476
4,gene,Cre09.g393000,0.1002717432289816
4,gene,Cre09.g394695,0.022792588056871
4,gene,Cre09.g395695,0.0418402543147257
4,gene,Cre09.g397216,0.0288231840952791
4,gene,Cre09.g407150,0.0952394127302848
4,gene,Cre09.g412150,0.0212849124204965
4,gene,Cre10.g417500,0.0152016567200216
4,gene,Cre10.g425100,0.0628207804109639
4,gene,Cre10.g431250,0.0090293749170174
4,gene,Cre10.g432600,0.0384940131076414
4,gene,Cre10.g434500,0.0773354048642319
4,gene,Cre10.g436000,0.0017365694084884
4,gene,Cre10.g436150,0.1123214144557851
4,gene,Cre10.g436200,0.1123214144557851
4,gene,Cre10.g437300,0.0227263140048783
4,gene,Cre10.g445800,0.1070491423788029
4,gene,Cre10.g453900,0.0698436437096044
4,gene,Cre10.g461700,0.0858667805142727
4,gene,Cre10.g465650,0.0082833257778634
4,gene,Cre11.g467566,0.1416230314763094
4,gene,Cre11.g467567,0.1416230314763094
4,gene,Cre11.g467756,0.0553662101622319
4,gene,Cre11.g478128,0.0460876785036184
4,gene,Cre12.g486900,0.0450278581601019
4,gene,Cre12.g489250,0.0486489046084422
4,gene,Cre12.g489300,0.0486489046084422
4,gene,Cre12.g495250,0.0722652494622323
4,gene,Cre12.g518350,0.0318994516893056
4,gene,Cre12.g531900,0.1893514746514786
4,gene,Cre12.g550800,0.0090186859443537
4,gene,Cre12.g554100,0.1088373673189931
4,gene,Cre12.g554400,0.0399373347559624
4,gene,Cre13.g565150,0.1621953982972692
4,gene,Cre13.g573150,0.0014389489244036
4,gene,Cre13.g586883,0.0139247348591544
4,gene,Cre13.g588150,0.0462273584629384
4,gene,Cre13.g589300,0.0476718279506426
4,gene,Cre13.g589350,0.0326430624571522
4,gene,Cre13.g592100,0.0355073213183514
4,gene,Cre13.g602700,0.0551142197770054
4,gene,Cre13.g607300,0.1553175000041615
4,gene,Cre14.g613652,0.1803981288993894
4,gene,Cre15.g635800,0.0289713228670098
4,gene,Cre16.g648750,0.0489895900299099
4,gene,Cre16.g656950,0.0035275767123068
4,gene,Cre16.g661200,0.0756890519996407
4,gene,Cre16.g685451,0.2599645112565996
4,gene,Cre16.g688350,0.1309424778422012
4,gene,Cre16.g692116,0.0332899848634742
4,gene,Cre17.g697000,0.0086239671296755
4,gene,Cre17.g709900,0.0003300188950987
4,gene,Cre17.g710800,0.0640533139318796
4,gene,Cre17.g717200,0.0112318749469233
4,gene,Cre17.g744997,0.0034401827433544
4,gene,Cre17.g745647,0.0195695669354348
4,gene,Cre17.g746397,0.0139056697370892
