mutant_ID,mutated_genes,light_regime,is_outlier_IQR,WT_quantile,myria_prediction
LMJ.RY0402.198898,Cre04.g215800,20h_HL,True,0.0,other
LMJ.RY0402.222419,Cre02.g146300,20h_HL,True,0.0,other
LMJ.RY0402.234238,"Cre04.g229163,Cre09.g393000",20h_HL,True,0.0,other
LMJ.RY0402.225950,"Cre05.g236000,Cre01.g004124",20h_HL,True,0.0,other
LMJ.RY0402.086572,Cre03.g153400,20h_HL,True,0.0,other
LMJ.RY0402.077214,Cre07.g329300,20h_HL,True,0.0,other
LMJ.RY0402.073018,"Cre02.g095115,Cre13.g565150",20h_HL,True,0.0,other
LMJ.RY0402.167835,Cre07.g322350,20h_HL,True,0.0,other
LMJ.RY0402.205790,Cre02.g108500,20h_HL,True,0.0,other
LMJ.RY0402.135873,Cre06.g274400,20h_HL,True,0.0,high_light_freq
LMJ.RY0402.122830,Cre08.g358568,20h_HL,True,0.0,other
LMJ.RY0402.137912,"Cre03.g176961,Cre14.g613652",20h_HL,True,0.0,other
LMJ.RY0402.151780,Cre09.g389912,20h_HL,True,0.0,other
LMJ.RY0402.179394,Cre07.g323450,20h_HL,True,0.0,high_light_freq
LMJ.RY0402.076841,Cre04.g216050,20h_HL,True,0.0,other
LMJ.RY0402.162534,Cre08.g379800,20h_HL,True,0.0,other
LMJ.RY0402.087011,Cre07.g334950,20h_HL,True,0.0,other
LMJ.RY0402.190235,Cre01.g040250,20h_HL,True,0.0,other
LMJ.RY0402.229127,"Cre10.g431250,Cre07.g315850",20h_HL,True,0.0,other
LMJ.RY0402.113423,"Cre17.g716750,Cre07.g323450",20h_HL,True,0.0,other
LMJ.RY0402.065715,"Cre01.g024800,Cre01.g040250",20h_HL,True,0.0,other
LMJ.RY0402.192713,Cre02.g076987,20h_HL,True,0.0,other
LMJ.RY0402.152855,Cre02.g095111,20h_HL,True,0.0,other
LMJ.RY0402.069599,Cre09.g391753,20h_HL,True,0.0,other
LMJ.RY0402.092967,Cre01.g003700,20h_HL,True,0.0,other
LMJ.RY0402.166049,Cre09.g387400,20h_HL,True,0.0,other
LMJ.RY0402.122231,Cre01.g039550,20h_HL,True,0.0,other
LMJ.RY0402.047723,"Cre03.g183150 & Cre03.g183200,Cre03.g183150,Cre03.g183200",20h_HL,True,0.0,other
LMJ.RY0402.215120,Cre06.g278177,20h_HL,True,0.0,other
LMJ.RY0402.215592,Cre07.g347100,20h_HL,True,0.0,other
LMJ.RY0402.113112,Cre02.g119050,20h_HL,True,0.0,other
LMJ.RY0402.200802,Cre09.g386850,20h_HL,True,0.0,high_freq
LMJ.RY0402.211521,Cre17.g698550,20h_HL,True,0.0,other
LMJ.RY0402.189511,Cre07.g356850,20h_HL,True,0.0,other
LMJ.RY0402.226866,Cre01.g000650,20h_HL,True,0.0,other
LMJ.RY0402.099612,Cre01.g036100,20h_HL,True,0.0,other
LMJ.RY0402.243098,Cre02.g095081,20h_HL,True,0.0,other
LMJ.RY0402.242586,Cre06.g278251,20h_HL,True,0.0,other
LMJ.RY0402.237217,Cre15.g635800,20h_HL,True,0.0,high_freq
LMJ.RY0402.236807,Cre08.g358571,20h_HL,True,0.0,high_light_freq
LMJ.RY0402.242694,Cre08.g367350,20h_HL,True,0.0,high_light_freq
LMJ.RY0402.243149,Cre16.g688350,20h_HL,True,0.0,other
LMJ.RY0402.244803,Cre04.g224200,20h_HL,True,0.0,other
LMJ.RY0402.256443,"Cre07.g325715,Cre11.g467566 & Cre11.g467567",20h_HL,True,0.0,other
LMJ.RY0402.083780,Cre07.g340400,20h_HL,True,0.0,other
LMJ.RY0402.079968,Cre03.g203150,20h_HL,True,0.0,other
LMJ.RY0402.116100,Cre10.g425100,20h_HL,True,0.0,other
LMJ.RY0402.111037,Cre13.g607300,20h_HL,True,0.0,other
LMJ.RY0402.105594,Cre04.g213652,20h_HL,True,0.0,other
LMJ.RY0402.052578,Cre02.g076200,20h_HL,True,0.0,other
LMJ.RY0402.075592,Cre10.g445800,20h_HL,True,0.0,other
LMJ.RY0402.060548,Cre02.g095137,20h_HL,True,0.0,other
LMJ.RY0402.165850,Cre05.g248250,20h_HL,True,0.0,other
LMJ.RY0402.158452,Cre10.g453050,20h_HL,True,0.0,high_light_freq
LMJ.RY0402.154491,Cre01.g021550,20h_HL,True,0.0,other
LMJ.RY0402.171039,Cre02.g095058,20h_HL,True,0.0,other
LMJ.RY0402.172262,Cre13.g591501,20h_HL,True,0.0,other
LMJ.RY0402.137617,Cre07.g325754,20h_HL,True,0.0,other
LMJ.RY0402.132166,Cre07.g332300,20h_HL,True,0.0,other
LMJ.RY0402.141182,Cre01.g012150,20h_HL,True,0.0,other
LMJ.RY0402.143476,Cre08.g374250,20h_HL,True,0.0,other
LMJ.RY0402.142353,Cre06.g295050,20h_HL,True,0.0,other
LMJ.RY0402.188401,Cre06.g259950,20h_HL,True,0.0,high_freq
LMJ.RY0402.046209,Cre10.g430200,20h_HL,True,0.0,other
LMJ.RY0402.053444,Cre10.g430900,20h_HL,True,0.0,high_light_freq
LMJ.RY0402.239090,Cre13.g592100,20h_HL,True,0.0,other
LMJ.RY0402.154795,Cre12.g542200,20h_HL,True,0.0,other
LMJ.RY0402.168539,Cre16.g693600,20h_HL,True,0.0,high_freq
LMJ.RY0402.200131,Cre07.g317450,20h_HL,True,1.0,other
LMJ.RY0402.240785,"Cre17.g705750,Cre01.g003950",20h_HL,True,0.0,other
LMJ.RY0402.256210,Cre17.g716050,20h_HL,True,0.0,other
LMJ.RY0402.143718,Cre16.g648750,20h_HL,True,0.0,other
LMJ.RY0402.103661,Cre09.g407150,20h_HL,True,0.0,other
LMJ.RY0402.154874,Cre16.g654150,20h_HL,True,0.0,other
LMJ.RY0402.151780,Cre09.g389912,20h_ML,True,0.0,other
LMJ.RY0402.166049,Cre09.g387400,20h_ML,True,0.0,other
LMJ.RY0402.154368,Cre05.g245351,20h_ML,True,1.0,other
LMJ.RY0402.110865,Cre01.g039550,20h_ML,True,0.0,other
LMJ.RY0402.113112,Cre02.g119050,20h_ML,True,0.0,other
LMJ.RY0402.077214,Cre07.g329300,20h_ML,True,0.0,other
LMJ.RY0402.113349,"Cre06.g278236,Cre03.g192450",20h_ML,True,0.0,other
LMJ.RY0402.061747,Cre10.g465650,20h_ML,True,0.0,other
LMJ.RY0402.116119,Cre12.g556600,20h_ML,True,0.0,other
LMJ.RY0402.139191,Cre10.g427550,20h_ML,True,0.0,other
LMJ.RY0402.189319,Cre16.g648750,20h_ML,True,1.0,other
LMJ.RY0402.191784,Cre10.g451752,20h_ML,True,1.0,other
LMJ.RY0402.213750,Cre09.g400849,20h_ML,True,0.0,other
LMJ.RY0402.103172,Cre12.g538200,20h_ML,True,0.0,other
LMJ.RY0402.191955,Cre09.g397734,20h_ML,True,0.0,other
LMJ.RY0402.243098,Cre02.g095081,20h_ML,True,0.0,other
LMJ.RY0402.227435,Cre12.g538850,20h_ML,True,0.0,other
LMJ.RY0402.097244,Cre13.g588950,20h_ML,True,0.0,other
LMJ.RY0402.052602,Cre09.g399663,20h_ML,True,0.0,high_light_freq
LMJ.RY0402.045061,Cre13.g579250,20h_ML,True,0.0,other
LMJ.RY0402.054234,"Cre14.g626350,Cre14.g626400",20h_ML,True,0.0,other
LMJ.RY0402.054236,Cre04.g215150,20h_ML,True,0.0,high_light
LMJ.RY0402.166364,"Cre09.g389578,Cre02.g095076",20h_ML,True,0.0,other
LMJ.RY0402.165850,Cre05.g248250,20h_ML,True,0.0,other
LMJ.RY0402.154491,Cre01.g021550,20h_ML,True,0.0,other
LMJ.RY0402.168546,Cre13.g588959,20h_ML,True,0.0,other
LMJ.RY0402.119940,Cre13.g573450,20h_ML,True,0.0,other
LMJ.RY0402.118852,"Cre08.g372100,Cre04.g214501",20h_ML,True,0.0,other
LMJ.RY0402.042987,Cre17.g717200,20h_ML,True,0.0,other
LMJ.RY0402.080864,Cre04.g214501,20h_ML,True,0.0,high_light
LMJ.RY0402.052772,Cre06.g278093,20h_ML,True,0.0,other
LMJ.RY0402.076021,Cre13.g591501,20h_ML,True,0.0,other
LMJ.RY0402.058624,Cre13.g588150,20h_ML,True,0.0,high_freq
LMJ.RY0402.103987,Cre01.g033450,20h_ML,True,0.0,other
LMJ.RY0402.122125,"Cre10.g438750 & Cre10.g438783,Cre09.g398808",20h_ML,True,0.0,other
LMJ.RY0402.060340,Cre13.g602700,20h_ML,True,0.0,other
LMJ.RY0402.115726,Cre14.g632750,20h_ML,True,0.0,other
LMJ.RY0402.043444,Cre02.g105350,20h_ML,True,0.0,high_freq
LMJ.RY0402.173729,Cre08.g358571,20h_ML,True,0.0,high_light_freq
LMJ.RY0402.169413,Cre13.g588600,20h_ML,True,0.0,other
LMJ.RY0402.210754,"Cre06.g263357,Cre10.g433100",20h_ML,True,1.0,other
LMJ.RY0402.158381,Cre15.g635800,20h_ML,True,0.0,high_freq
LMJ.RY0402.188401,Cre06.g259950,20h_ML,True,0.0,high_freq
LMJ.RY0402.092470,Cre06.g302250,20h_ML,True,0.0,other
LMJ.RY0402.183036,Cre11.g467768,20h_ML,True,0.0,other
LMJ.RY0402.131642,Cre05.g236700,20h_ML,True,0.0,other
LMJ.RY0402.069599,Cre09.g391753,20h_ML,True,0.0,other
LMJ.RY0402.181834,Cre02.g078939,20h_ML,True,0.0,other
LMJ.RY0402.090828,Cre03.g144011,20h_ML,True,0.0,other
LMJ.RY0402.191505,Cre17.g710300,20h_ML,True,0.0,other
LMJ.RY0402.182607,"Cre09.g405750,Cre04.g232502",20h_ML,True,0.0,other
LMJ.RY0402.168539,Cre16.g693600,20h_ML,True,0.0,high_freq
LMJ.RY0402.232230,Cre03.g207351,20h_ML,True,0.0,other
LMJ.RY0402.173698,Cre10.g455231,20h_ML,True,0.0,high_freq
LMJ.RY0402.226866,Cre01.g000650,20h_ML,True,0.0,other
LMJ.RY0402.181869,Cre05.g245700,20h_ML,True,0.0,other
LMJ.RY0402.167416,"Cre13.g581850 & Cre13.g581900,Cre13.g581900",20h_ML,True,0.0,other
LMJ.RY0402.242694,Cre08.g367350,20h_ML,True,0.0,high_light_freq
LMJ.RY0402.158452,Cre10.g453050,20h_ML,True,0.0,high_light_freq
LMJ.RY0402.170459,"Cre10.g433900,Cre02.g147700",20h_ML,True,0.0,other
LMJ.RY0402.135873,Cre06.g274400,2h-2h,True,0.0,high_light_freq
LMJ.RY0402.137912,"Cre03.g176961,Cre14.g613652",2h-2h,True,0.0,other
LMJ.RY0402.205790,Cre02.g108500,2h-2h,True,0.0,other
LMJ.RY0402.167835,Cre07.g322350,2h-2h,True,0.0,other
LMJ.RY0402.073018,"Cre02.g095115,Cre13.g565150",2h-2h,True,0.0,other
LMJ.RY0402.234238,"Cre04.g229163,Cre09.g393000",2h-2h,True,0.0,other
LMJ.RY0402.222419,Cre02.g146300,2h-2h,True,0.0,other
LMJ.RY0402.198898,Cre04.g215800,2h-2h,True,0.0,other
LMJ.RY0402.110865,Cre01.g039550,2h-2h,True,0.0,other
LMJ.RY0402.086572,Cre03.g153400,2h-2h,True,0.0,other
LMJ.RY0402.229239,Cre08.g379800,2h-2h,True,0.0,other
LMJ.RY0402.122830,Cre08.g358568,2h-2h,True,0.0,other
LMJ.RY0402.061511,Cre12.g538200,2h-2h,True,1.0,other
LMJ.RY0402.143718,Cre16.g648750,2h-2h,True,0.0,other
LMJ.RY0402.178927,Cre09.g387949,2h-2h,True,0.0,other
LMJ.RY0402.127455,Cre12.g531900,2h-2h,True,0.0,high_light_freq
LMJ.RY0402.044274,Cre12.g486900,2h-2h,True,0.0,other
LMJ.RY0402.092899,Cre10.g453900,2h-2h,True,0.0,other
LMJ.RY0402.239090,Cre13.g592100,2h-2h,True,0.0,other
LMJ.RY0402.191784,Cre10.g451752,2h-2h,True,1.0,other
LMJ.RY0402.145884,Cre16.g685250,2h-2h,True,0.0,other
LMJ.RY0402.103661,Cre09.g407150,2h-2h,True,0.0,other
LMJ.RY0402.216974,"Cre16.g661200,Cre01.g064727",2h-2h,True,0.0,other
LMJ.RY0402.062350,Cre10.g437300,2h-2h,True,0.0,other
LMJ.RY0402.184490,Cre02.g076200,2h-2h,True,0.0,other
LMJ.RY0402.189511,Cre07.g356850,2h-2h,True,0.0,other
LMJ.RY0402.041270,Cre02.g090100,2h-2h,True,0.0,other
LMJ.RY0402.048764,Cre01.g012150,2h-2h,True,0.0,other
LMJ.RY0402.236807,Cre08.g358571,2h-2h,True,0.0,high_light_freq
LMJ.RY0402.079968,Cre03.g203150,2h-2h,True,0.0,other
LMJ.RY0402.077111,Cre04.g213652,2h-2h,True,0.0,other
LMJ.RY0402.116100,Cre10.g425100,2h-2h,True,0.0,other
LMJ.RY0402.111037,Cre13.g607300,2h-2h,True,0.0,other
LMJ.RY0402.045061,Cre13.g579250,2h-2h,True,0.0,other
LMJ.RY0402.075592,Cre10.g445800,2h-2h,True,0.0,other
LMJ.RY0402.060548,Cre02.g095137,2h-2h,True,0.0,other
LMJ.RY0402.165850,Cre05.g248250,2h-2h,True,0.0,other
LMJ.RY0402.154491,Cre01.g021550,2h-2h,True,0.0,other
LMJ.RY0402.132166,Cre07.g332300,2h-2h,True,0.0,other
LMJ.RY0402.142353,Cre06.g295050,2h-2h,True,0.0,other
LMJ.RY0402.244803,Cre04.g224200,2h-2h,True,0.0,other
LMJ.RY0402.242694,Cre08.g367350,2h-2h,True,0.0,high_light_freq
LMJ.RY0402.137617,Cre07.g325754,2h-2h,True,0.0,other
LMJ.RY0402.172262,Cre13.g591501,2h-2h,True,0.0,other
LMJ.RY0402.143476,Cre08.g374250,2h-2h,True,0.0,other
LMJ.RY0402.172780,"Cre02.g093300,Cre16.g685451",2h-2h,True,1.0,other
LMJ.RY0402.254326,Cre10.g461700,2h-2h,True,1.0,other
LMJ.RY0402.207741,Cre09.g399663,2h-2h,True,0.0,high_light_freq
LMJ.RY0402.053444,Cre10.g430900,2h-2h,True,0.0,high_light_freq
LMJ.RY0402.242586,Cre06.g278251,2h-2h,True,0.0,other
LMJ.RY0402.243149,Cre16.g688350,2h-2h,True,0.0,other
LMJ.RY0402.256443,"Cre07.g325715,Cre11.g467566 & Cre11.g467567",2h-2h,True,0.0,other
LMJ.RY0402.080864,Cre04.g214501,2h-2h,True,0.0,high_light
LMJ.RY0402.237217,Cre15.g635800,2h-2h,True,0.0,high_freq
LMJ.RY0402.256210,Cre17.g716050,2h-2h,True,0.0,other
LMJ.RY0402.188401,Cre06.g259950,2h-2h,True,0.0,high_freq
LMJ.RY0402.168539,Cre16.g693600,2h-2h,True,0.0,high_freq
LMJ.RY0402.104944,Cre14.g626350,2h-2h,True,0.0,other
LMJ.RY0402.240785,"Cre17.g705750,Cre01.g003950",2h-2h,True,0.0,other
LMJ.RY0402.135873,Cre06.g274400,1min-1min,True,0.0,high_light_freq
LMJ.RY0402.167835,Cre07.g322350,1min-1min,True,0.0,other
LMJ.RY0402.073018,"Cre02.g095115,Cre13.g565150",1min-1min,True,0.0,other
LMJ.RY0402.086572,Cre03.g153400,1min-1min,True,0.0,other
LMJ.RY0402.087011,Cre07.g334950,1min-1min,True,0.0,other
LMJ.RY0402.046521,Cre09.g390319,1min-1min,True,0.0,other
LMJ.RY0402.234238,"Cre04.g229163,Cre09.g393000",1min-1min,True,0.0,other
LMJ.RY0402.222419,Cre02.g146300,1min-1min,True,0.0,other
LMJ.RY0402.198898,Cre04.g215800,1min-1min,True,0.0,other
LMJ.RY0402.076841,Cre04.g216050,1min-1min,True,0.0,other
LMJ.RY0402.113112,Cre02.g119050,1min-1min,True,0.0,other
LMJ.RY0402.127455,Cre12.g531900,1min-1min,True,0.0,high_light_freq
LMJ.RY0402.220082,Cre14.g608150,1min-1min,True,0.0,other
LMJ.RY0402.170062,Cre16.g683350,1min-1min,True,0.0,other
LMJ.RY0402.142353,Cre06.g295050,1min-1min,True,0.0,other
LMJ.RY0402.143476,Cre08.g374250,1min-1min,True,0.0,other
LMJ.RY0402.137617,Cre07.g325754,1min-1min,True,0.0,other
LMJ.RY0402.118852,"Cre08.g372100,Cre04.g214501",1min-1min,True,0.0,other
LMJ.RY0402.132166,Cre07.g332300,1min-1min,True,0.0,other
LMJ.RY0402.171039,Cre02.g095058,1min-1min,True,0.0,other
LMJ.RY0402.154491,Cre01.g021550,1min-1min,True,0.0,other
LMJ.RY0402.165850,Cre05.g248250,1min-1min,True,0.0,other
LMJ.RY0402.060548,Cre02.g095137,1min-1min,True,0.0,other
LMJ.RY0402.075592,Cre10.g445800,1min-1min,True,0.0,other
LMJ.RY0402.053444,Cre10.g430900,1min-1min,True,0.0,high_light_freq
LMJ.RY0402.105594,Cre04.g213652,1min-1min,True,0.0,other
LMJ.RY0402.111037,Cre13.g607300,1min-1min,True,0.0,other
LMJ.RY0402.080864,Cre04.g214501,1min-1min,True,0.0,high_light
LMJ.RY0402.244803,Cre04.g224200,1min-1min,True,0.0,other
LMJ.RY0402.242694,Cre08.g367350,1min-1min,True,0.0,high_light_freq
LMJ.RY0402.236807,Cre08.g358571,1min-1min,True,0.0,high_light_freq
LMJ.RY0402.237217,Cre15.g635800,1min-1min,True,0.0,high_freq
LMJ.RY0402.243098,Cre02.g095081,1min-1min,True,0.0,other
LMJ.RY0402.189511,Cre07.g356850,1min-1min,True,0.0,other
LMJ.RY0402.220453,"Cre01.g012650,Cre17.g724450",1min-1min,True,0.0,other
LMJ.RY0402.200802,Cre09.g386850,1min-1min,True,0.0,high_freq
LMJ.RY0402.192391,Cre03.g154651,1min-1min,True,0.0,other
LMJ.RY0402.226866,Cre01.g000650,1min-1min,True,0.0,other
LMJ.RY0402.256443,"Cre07.g325715,Cre11.g467566 & Cre11.g467567",1min-1min,True,0.0,other
LMJ.RY0402.060340,Cre13.g602700,1min-1min,True,0.0,other
LMJ.RY0402.045061,Cre13.g579250,1min-1min,True,0.0,other
LMJ.RY0402.207741,Cre09.g399663,1min-1min,True,0.0,high_light_freq
LMJ.RY0402.256210,Cre17.g716050,1min-1min,True,0.0,other
LMJ.RY0402.183241,Cre11.g467950,1min-1min,True,1.0,other
LMJ.RY0402.240785,"Cre17.g705750,Cre01.g003950",1min-1min,True,0.0,other
LMJ.RY0402.168539,Cre16.g693600,1min-1min,True,0.0,high_freq
LMJ.RY0402.135873,Cre06.g274400,30s-30s,True,0.0,high_light_freq
LMJ.RY0402.167835,Cre07.g322350,30s-30s,True,0.0,other
LMJ.RY0402.073018,"Cre02.g095115,Cre13.g565150",30s-30s,True,0.0,other
LMJ.RY0402.234238,"Cre04.g229163,Cre09.g393000",30s-30s,True,0.0,other
LMJ.RY0402.198898,Cre04.g215800,30s-30s,True,0.0,other
LMJ.RY0402.151780,Cre09.g389912,30s-30s,True,0.0,other
LMJ.RY0402.232202,Cre12.g531900,30s-30s,True,0.0,high_light_freq
LMJ.RY0402.143718,Cre16.g648750,30s-30s,True,0.0,other
LMJ.RY0402.062350,Cre10.g437300,30s-30s,True,0.0,other
LMJ.RY0402.052996,Cre12.g554100,30s-30s,True,0.0,other
LMJ.RY0402.239090,Cre13.g592100,30s-30s,True,0.0,other
LMJ.RY0402.142353,Cre06.g295050,30s-30s,True,0.0,other
LMJ.RY0402.132166,Cre07.g332300,30s-30s,True,0.0,other
LMJ.RY0402.171039,Cre02.g095058,30s-30s,True,0.0,other
LMJ.RY0402.154491,Cre01.g021550,30s-30s,True,0.0,other
LMJ.RY0402.165850,Cre05.g248250,30s-30s,True,0.0,other
LMJ.RY0402.060548,Cre02.g095137,30s-30s,True,0.0,other
LMJ.RY0402.105594,Cre04.g213652,30s-30s,True,0.0,other
LMJ.RY0402.111037,Cre13.g607300,30s-30s,True,0.0,other
LMJ.RY0402.077964,Cre01.g019550,30s-30s,True,0.0,other
LMJ.RY0402.080864,Cre04.g214501,30s-30s,True,0.0,high_light
LMJ.RY0402.236807,Cre08.g358571,30s-30s,True,0.0,high_light_freq
LMJ.RY0402.237217,Cre15.g635800,30s-30s,True,0.0,high_freq
LMJ.RY0402.103987,Cre01.g033450,30s-30s,True,0.0,other
LMJ.RY0402.099612,Cre01.g036100,30s-30s,True,1.0,other
LMJ.RY0402.189511,Cre07.g356850,30s-30s,True,0.0,other
LMJ.RY0402.220453,"Cre01.g012650,Cre17.g724450",30s-30s,True,0.0,other
LMJ.RY0402.200802,Cre09.g386850,30s-30s,True,0.0,high_freq
LMJ.RY0402.207741,Cre09.g399663,30s-30s,True,0.0,high_light_freq
LMJ.RY0402.048764,Cre01.g012150,30s-30s,True,0.0,other
LMJ.RY0402.242694,Cre08.g367350,30s-30s,True,0.0,high_light_freq
LMJ.RY0402.256210,Cre17.g716050,30s-30s,True,0.0,other
LMJ.RY0402.243098,Cre02.g095081,30s-30s,True,0.0,other
LMJ.RY0402.110865,Cre01.g039550,5min-5min,True,0.0,other
LMJ.RY0402.197944,Cre09.g398200,5min-5min,True,0.0,other
LMJ.RY0402.119877,Cre09.g393000,5min-5min,True,0.0,other
LMJ.RY0402.191784,Cre10.g451752,5min-5min,True,1.0,other
LMJ.RY0402.224491,Cre10.g436000,5min-5min,True,1.0,other
LMJ.RY0402.052609,Cre10.g439350,5min-5min,True,1.0,other
LMJ.RY0402.122345,Cre17.g738050,5min-5min,True,0.0,other
LMJ.RY0402.103172,Cre12.g538200,5min-5min,True,0.0,other
LMJ.RY0402.231794,Cre16.g675350,5min-5min,True,0.0,other
LMJ.RY0402.047650,Cre10.g434650,5min-5min,True,0.0,other
LMJ.RY0402.127455,Cre12.g531900,5min-5min,True,0.0,high_light_freq
LMJ.RY0402.060548,Cre02.g095137,5min-5min,True,0.0,other
LMJ.RY0402.097244,Cre13.g588950,5min-5min,True,0.0,other
LMJ.RY0402.080864,Cre04.g214501,5min-5min,True,0.0,high_light
LMJ.RY0402.237217,Cre15.g635800,5min-5min,True,0.0,high_freq
LMJ.RY0402.242694,Cre08.g367350,5min-5min,True,0.0,high_light_freq
LMJ.RY0402.236807,Cre08.g358571,5min-5min,True,0.0,high_light_freq
LMJ.RY0402.154491,Cre01.g021550,5min-5min,True,0.0,other
LMJ.RY0402.226866,Cre01.g000650,5min-5min,True,1.0,other
LMJ.RY0402.118852,"Cre08.g372100,Cre04.g214501",5min-5min,True,0.0,other
LMJ.RY0402.165850,Cre05.g248250,5min-5min,True,0.0,other
LMJ.RY0402.135873,Cre06.g274400,5min-5min,True,0.0,high_light_freq
LMJ.RY0402.053444,Cre10.g430900,5min-5min,True,0.0,high_light_freq
LMJ.RY0402.256210,Cre17.g716050,5min-5min,True,0.0,other
LMJ.RY0402.142353,Cre06.g295050,5min-5min,True,0.0,other
LMJ.RY0402.073018,"Cre02.g095115,Cre13.g565150",1min-5min,True,0.0,other
LMJ.RY0402.234238,"Cre04.g229163,Cre09.g393000",1min-5min,True,0.0,other
LMJ.RY0402.125168,Cre01.g004124,1min-5min,True,0.0,other
LMJ.RY0402.113112,Cre02.g119050,1min-5min,True,0.0,other
LMJ.RY0402.046521,Cre09.g390319,1min-5min,True,0.0,other
LMJ.RY0402.251875,Cre01.g039550,1min-5min,True,0.0,other
LMJ.RY0402.061371,Cre01.g017200,1min-5min,True,1.0,other
LMJ.RY0402.178011,Cre07.g339900,1min-5min,True,0.0,other
LMJ.RY0402.089180,Cre02.g105350,1min-5min,True,0.0,high_freq
LMJ.RY0402.179278,Cre06.g291400,1min-5min,True,1.0,other
LMJ.RY0402.250390,Cre06.g285900,1min-5min,True,0.0,other
LMJ.RY0402.211654,Cre07.g330200,1min-5min,True,0.0,other
LMJ.RY0402.145715,Cre06.g295600,1min-5min,True,0.0,high_light_freq
LMJ.RY0402.043847,Cre01.g011901,1min-5min,True,0.0,other
LMJ.RY0402.208447,Cre07.g344600,1min-5min,True,0.0,other
LMJ.RY0402.104055,Cre08.g358568,1min-5min,True,0.0,other
LMJ.RY0402.162534,Cre08.g379800,1min-5min,True,0.0,other
LMJ.RY0402.060051,Cre01.g015200,1min-5min,True,0.0,other
LMJ.RY0402.137912,"Cre03.g176961,Cre14.g613652",1min-5min,True,0.0,other
LMJ.RY0402.056549,Cre06.g260550,1min-5min,True,1.0,other
LMJ.RY0402.213748,Cre06.g274400,1min-5min,True,0.0,high_light_freq
LMJ.RY0402.192713,Cre02.g076987,1min-5min,True,0.0,other
LMJ.RY0402.139082,Cre12.g558250,1min-5min,True,0.0,other
LMJ.RY0402.232202,Cre12.g531900,1min-5min,True,0.0,high_light_freq
LMJ.RY0402.248216,Cre12.g486900,1min-5min,True,0.0,other
LMJ.RY0402.191505,Cre17.g710300,1min-5min,True,0.0,other
LMJ.RY0402.117408,Cre09.g412600,1min-5min,True,0.0,other
LMJ.RY0402.052609,Cre10.g439350,1min-5min,True,0.0,other
LMJ.RY0402.103661,Cre09.g407150,1min-5min,True,0.0,other
LMJ.RY0402.092547,"Cre11.g467741,Cre10.g436150 & Cre10.g436200",1min-5min,True,0.0,other
LMJ.RY0402.103172,Cre12.g538200,1min-5min,True,0.0,other
LMJ.RY0402.100991,Cre06.g299900,1min-5min,True,0.0,other
LMJ.RY0402.244803,Cre04.g224200,1min-5min,True,0.0,other
LMJ.RY0402.242694,Cre08.g367350,1min-5min,True,0.0,high_light_freq
LMJ.RY0402.211876,Cre13.g588100,1min-5min,True,0.0,other
LMJ.RY0402.075592,Cre10.g445800,1min-5min,True,0.0,other
LMJ.RY0402.243098,Cre02.g095081,1min-5min,True,0.0,other
LMJ.RY0402.194332,Cre01.g045500,1min-5min,True,0.0,other
LMJ.RY0402.171039,Cre02.g095058,1min-5min,True,0.0,other
LMJ.RY0402.105594,Cre04.g213652,1min-5min,True,0.0,other
LMJ.RY0402.048764,Cre01.g012150,1min-5min,True,0.0,other
LMJ.RY0402.154671,Cre09.g414650,1min-5min,True,0.0,other
LMJ.RY0402.079968,Cre03.g203150,1min-5min,True,0.0,other
LMJ.RY0402.143476,Cre08.g374250,1min-5min,True,0.0,other
LMJ.RY0402.060548,Cre02.g095137,1min-5min,True,0.0,other
LMJ.RY0402.165850,Cre05.g248250,1min-5min,True,0.0,other
LMJ.RY0402.256443,"Cre07.g325715,Cre11.g467566 & Cre11.g467567",1min-5min,True,0.0,other
LMJ.RY0402.103987,Cre01.g033450,1min-5min,True,0.0,other
LMJ.RY0402.236807,Cre08.g358571,1min-5min,True,0.0,high_light_freq
LMJ.RY0402.178557,Cre16.g680678,1min-5min,True,0.0,other
LMJ.RY0402.200131,Cre07.g317450,1min-5min,True,0.0,other
LMJ.RY0402.118852,"Cre08.g372100,Cre04.g214501",1min-5min,True,0.0,other
LMJ.RY0402.053444,Cre10.g430900,1min-5min,True,0.0,high_light_freq
LMJ.RY0402.166480,Cre07.g314800,1min-5min,True,0.0,high_light_freq
LMJ.RY0402.111037,Cre13.g607300,1min-5min,True,0.0,other
LMJ.RY0402.222618,Cre07.g356850,1min-5min,True,1.0,other
LMJ.RY0402.046350,Cre13.g588600,1min-5min,True,1.0,other
LMJ.RY0402.122163,Cre02.g078939,1min-5min,True,1.0,other
LMJ.RY0402.104944,Cre14.g626350,1min-5min,True,1.0,other
LMJ.RY0402.227435,Cre12.g538850,1min-5min,True,1.0,other
LMJ.RY0402.052261,Cre13.g602700,1min-5min,True,1.0,other
LMJ.RY0402.141149,Cre09.g396028,1min-5min,True,1.0,other
LMJ.RY0402.183241,Cre11.g467950,1min-5min,True,1.0,other
LMJ.RY0402.192391,Cre03.g154651,1min-5min,True,1.0,other
LMJ.RY0402.242322,Cre04.g214097,1min-5min,True,1.0,other
LMJ.RY0402.232202,Cre12.g531900,10min-10min,True,0.0,high_light_freq
LMJ.RY0402.052996,Cre12.g554100,10min-10min,True,0.0,other
LMJ.RY0402.188401,Cre06.g259950,10min-10min,True,0.0,high_freq
LMJ.RY0402.154370,Cre01.g034500,10min-10min,True,0.0,other
LMJ.RY0402.103987,Cre01.g033450,10min-10min,True,0.0,other
LMJ.RY0402.236807,Cre08.g358571,10min-10min,True,0.0,high_light_freq
LMJ.RY0402.242694,Cre08.g367350,10min-10min,True,0.0,high_light_freq
LMJ.RY0402.097352,Cre05.g236700,10min-10min,True,0.0,other
LMJ.RY0402.165850,Cre05.g248250,10min-10min,True,0.0,other
LMJ.RY0402.215179,Cre12.g522700,10min-10min,True,0.0,other
LMJ.RY0402.118852,"Cre08.g372100,Cre04.g214501",10min-10min,True,0.0,other
LMJ.RY0402.239090,Cre13.g592100,10min-10min,True,0.0,other
LMJ.RY0402.135873,Cre06.g274400,10min-10min,True,0.0,high_light_freq
LMJ.RY0402.168539,Cre16.g693600,10min-10min,True,0.0,high_freq
LMJ.RY0402.060548,Cre02.g095137,10min-10min,True,0.0,other
LMJ.RY0402.256210,Cre17.g716050,10min-10min,True,0.0,other
LMJ.RY0402.189511,Cre07.g356850,10min-10min,True,0.0,other
